trial_id,date,model_config,checkpoint_step,outcome,time_to_completion_sec,safety_clamp_events,avg_loop_latency_ms,stop_reason,notes,video_filename
1,2026-08-28T19:41:56,side_claw,20000,timeout_success_slow,180.37,0,443.1,timeout,,trial_001_side.mp4
2,2026-08-28T19:45:22,side_claw,20000,timeout_no_touch,180.37,2,488.7,timeout,,trial_002_side.mp4
3,2026-08-28T19:48:53,side_claw,20000,timeout_success_slow,180.07,0,714.5,timeout,,trial_003_side.mp4
4,2026-08-28T19:52:32,side_claw,20000,timeout_grasped,180.21,0,693.0,timeout,,trial_004_side.mp4
5,2026-08-28T19:55:59,side_claw,20000,timeout_no_touch,181.07,1,704.5,timeout,,trial_005_side.mp4
6,2026-08-28T19:59:56,side_claw,20000,timeout_grasped,180.24,0,729.6,timeout,,trial_006_side.mp4
7,2026-08-28T20:04:02,side_claw,20000,timeout_no_touch,180.15,0,559.4,timeout,,trial_007_side.mp4
8,2026-08-28T20:07:01,side_claw,20000,full_success,137.89,0,410.3,manual_end,,trial_008_side.mp4
9,2026-08-28T20:09:05,side_claw,20000,grasp_only,69.3,0,452.8,manual_end,,trial_009_side.mp4
10,2026-08-28T20:12:19,side_claw,20000,full_success,179.76,0,485.7,manual_end,,trial_010_side.mp4
11,2026-08-28T20:15:46,side_claw,20000,timeout_no_touch,181.39,0,455.7,timeout,,trial_011_side.mp4
12,2026-08-28T20:19:11,side_claw,20000,timeout_success_slow,180.85,2,528.7,timeout,,trial_012_side.mp4
13,2026-08-28T20:25:36,side_claw,20000,timeout_grasped,180.35,0,469.5,timeout,,trial_013_side.mp4
15,2026-08-28T20:33:51,side_claw,20000,full_success,137.39,7,235.3,manual_end,,trial_015_side.mp4
16,2026-08-28T20:38:17,side_claw,20000,timeout_no_touch,180.1,1,150.9,timeout,,trial_016_side.mp4
17,2026-08-28T20:52:43,side_claw,20000,timeout_no_touch,180.02,0,147.7,timeout,,trial_017_side.mp4
18,2026-08-30T11:20:12,side_claw,20000,full_success,86.24,5,147.3,manual_end,,trial_018_side.mp4
19,2026-08-30T11:24:08,side_claw,20000,full_success,70.52,1,142.4,manual_end,,trial_019_side.mp4
20,2026-08-30T11:27:44,side_claw,20000,timeout_no_touch,180.05,0,146.0,timeout,,trial_020_side.mp4
21,2026-08-30T11:38:27,side_claw,20000,timeout_no_touch,180.19,0,138.4,timeout,,trial_021_side.mp4
22,2026-08-30T11:42:12,side_claw,20000,timeout_no_touch,180.04,4,140.8,timeout,,trial_022_side.mp4
23,2026-08-30T11:51:37,side_claw,20000,timeout_no_touch,180.09,2,145.8,timeout,,trial_023_side.mp4
24,2026-08-30T11:56:06,side_claw,20000,timeout_no_touch,180.63,4,144.3,timeout,,trial_024_side.mp4
25,2026-08-30T11:57:34,side_claw,20000,full_success,52.7,2,162.1,manual_end,,trial_025_side.mp4
26,2026-08-30T12:02:22,side_claw,20000,timeout_no_touch,180.11,1,144.9,timeout,,trial_026_side.mp4
27,2026-08-30T12:05:52,side_claw,20000,timeout_no_touch,180.1,3,144.5,timeout,,trial_027_side.mp4
28,2026-08-30T12:09:21,side_claw,20000,timeout_no_touch,180.1,1,144.3,timeout,,trial_028_side.mp4
29,2026-08-30T12:15:11,side_claw,20000,timeout_no_touch,180.03,5,139.0,timeout,,trial_029_side.mp4
30,2026-08-30T12:20:34,side_claw,20000,timeout_no_touch,180.31,2,144.0,timeout,,trial_030_side.mp4
31,2026-08-30T14:28:44,side_claw,20000,timeout_no_touch,180.08,0,142.3,timeout,,trial_031_side.mp4
32,2026-08-30T14:32:19,side_claw,20000,timeout_grasped,180.1,2,138.5,timeout,,trial_032_side.mp4
33,2026-08-30T14:34:14,side_claw,20000,full_success,61.1,1,146.8,manual_end,,trial_033_side.mp4
34,2026-08-30T14:44:55,side_claw,20000,timeout_no_touch,180.02,0,134.9,timeout,,trial_034_side.mp4
35,2026-08-30T14:47:36,side_claw,20000,full_success,53.32,0,143.3,manual_end,,trial_035_side.mp4
36,2026-08-30T17:29:41,side_claw,20000,full_success,72.06,1,143.7,manual_end,,trial_036_side.mp4
37,2026-08-30T17:33:08,side_claw,20000,timeout_no_touch,180.12,2,148.5,timeout,,trial_037_side.mp4
38,2026-08-30T17:36:47,side_claw,20000,timeout_grasped,180.03,0,153.1,timeout,,trial_038_side.mp4
39,2026-08-30T17:38:15,side_claw,20000,full_success,67.69,2,152.0,manual_end,,trial_039_side.mp4
40,2026-08-30T17:42:10,side_claw,20000,timeout_grasped,180.05,3,146.8,timeout,,trial_040_side.mp4
41,2026-08-30T17:44:25,side_claw,20000,full_success,61.06,0,149.6,manual_end,,trial_041_side.mp4
42,2026-08-30T17:45:43,side_claw,20000,full_success,54.64,0,148.8,manual_end,,trial_042_side.mp4
43,2026-08-30T17:49:28,side_claw,20000,timeout_success_slow,180.02,3,146.5,timeout,,trial_043_side.mp4
44,2026-08-30T17:53:02,side_claw,20000,timeout_no_touch,180.07,3,147.4,timeout,,trial_044_side.mp4
45,2026-08-30T17:57:43,side_claw,20000,timeout_no_touch,180.01,6,149.7,timeout,,trial_045_side.mp4
46,2026-08-30T18:00:20,side_claw,20000,full_success,62.36,0,149.4,manual_end,,trial_046_side.mp4
47,2026-08-30T18:02:19,side_claw,20000,full_success,91.9,4,152.8,manual_end,,trial_047_side.mp4
48,2026-08-30T18:06:14,side_claw,20000,timeout_grasped,180.46,1,144.2,timeout,,trial_048_side.mp4
49,2026-08-30T18:07:42,side_claw,20000,full_success,65.95,4,146.1,manual_end,,trial_049_side.mp4
50,2026-08-30T18:11:19,side_claw,20000,timeout_no_touch,180.06,6,143.4,timeout,,trial_050_side.mp4
14,2026-09-12T16:45:48,side_claw,20000,timeout_no_touch,180.13,1,147.4,timeout,,trial_014_side.mp4
